Metric,Value
Peak Time,0.0013552710542108423
Peak Value,630.2891721565423
Area Under Curve,0.956848467769037
