Pole,Real Part,Imaginary Part
-291.666667 + 934.485896j,-291.66666666666674,934.4858955002419
-291.666667 + -934.485896j,-291.66666666666674,-934.4858955002419
