Metric,Value
Peak Time,0.0013552710542108423
Peak Value,630.2891721565646
Area Under Curve,0.9568484677690489
